{"_runtime":5,"total_reward":200,"_timestamp":1.7600866948083992e+09,"_step":299,"episode":299,"loss":4957.76416015625,"_wandb":{"runtime":5}}