{"episode":1000,"reward":13.848679915371212,"distance":0.10174344480037689,"_timestamp":1.7573304612755373e+09,"_step":999,"_wandb":{"runtime":4988},"_runtime":4988}