{"_step":999,"_wandb":{"runtime":4568},"_runtime":4568,"episode":1000,"reward":8.346286584888372,"distance":0.08955604583024979,"_timestamp":1.7574015574381263e+09}