{"total_reward":200,"_wandb":{"runtime":11},"_runtime":11,"_timestamp":1.7600867492725704e+09,"_step":499,"episode":499,"loss":4161.07373046875}