{"_wandb":{"runtime":134866},"_runtime":134866,"reward":49.13858952071136,"distance":0.051765404641628265,"_timestamp":1.7601444627125962e+09,"_step":9999,"episode":10000}