{"_timestamp":1.758733165982056e+09,"_wandb":{"runtime":132470},"_runtime":132470,"_step":9999,"episode":10000,"reward":33.40942859531161,"distance":0.07237954437732697}