{"episode":500,"reward":11.203587193640747,"distance":0.05147162079811096,"_timestamp":1.757410494244587e+09,"_step":499,"_wandb":{"runtime":1237},"_runtime":1237}