{"reward":70.42063476199344,"_wandb":{"runtime":134818},"_runtime":134818,"distance":0.02942400984466076,"_timestamp":1.7602958958288865e+09,"_step":9999,"episode":10000}