{"_timestamp":1.7573209816140032e+09,"_wandb":{"runtime":165},"_runtime":165,"_step":62,"episode":63,"reward":5.181288404805791,"distance":0.113558828830719}