{"_runtime":202203,"episode":10000,"reward":56.53283609613748,"distance":0.054744821041822433,"_timestamp":1.7631468239386258e+09,"_step":9999,"_wandb":{"runtime":202203}}