{"_step":9999,"episode":10000,"reward":10.568207997884976,"distance":0.10893436521291733,"_timestamp":1.760519915204031e+09,"_wandb":{"runtime":197385},"_runtime":197385}