{"reward":70.49531631603476,"distance":0.014174318872392178,"_timestamp":1.7597786184247794e+09,"_step":9999,"_wandb":{"runtime":213288},"_runtime":213288,"episode":10000}