{"_step":299,"_wandb":{"runtime":5},"_runtime":5,"episode":299,"loss":2101.841064453125,"total_reward":100,"_timestamp":1.7600868234599948e+09}