{"episode":1000,"_wandb":{"runtime":8174},"_runtime":8174,"reward":19.921831560690695,"distance":0.04327186569571495,"_timestamp":1.7573910237268538e+09,"_step":999}