{"episode":299,"loss":1759.85888671875,"total_reward":115,"_timestamp":1.7600867842120688e+09,"_wandb":{"runtime":6},"_runtime":6,"_step":299}