{"_timestamp":1.7627553195954998e+09,"_step":9999,"episode":10000,"reward":62.95514224227176,"distance":0.03918334096670151,"_wandb":{"runtime":227571},"_runtime":227571}