{"_runtime":138684,"reward":44.945088969155755,"distance":0.050925448536872864,"_timestamp":1.7592639643259053e+09,"_step":9999,"episode":10000,"_wandb":{"runtime":138684}}