{"distance":0.11662556231021881,"_wandb":{"runtime":1218},"_runtime":1218,"_timestamp":1.757412374617922e+09,"_step":499,"episode":500,"reward":8.661584835230071}