{"episode":299,"loss":4149.990234375,"total_reward":165,"_wandb":{"runtime":5},"_runtime":5,"_timestamp":1.760087231536891e+09,"_step":299}