{"distance":0.1325170397758484,"_wandb":{"runtime":6372},"_runtime":6372,"_timestamp":1.7574081922236247e+09,"_step":999,"episode":1000,"reward":5.613895559493443}